,K1,K2,Mag_d,Mag_s,Mag_b,K1_std,K2_std,Mag_d_std,Mag_s_std,Mag_b_std
0,67109.57994554605,35527.728790117864,100031926.79229371,100031926.79229371,100031926.79229371,7646.653783599631,4729.37683362061,2384814.8323750217,2384814.8323750217,2384814.8323750217
