,assign,res,eta,eta_error,delta,deleta_error,S2tc,S2tc_error
0,I415,415,26.242416458557496,0.8006457558387191,-4.389965200708231,1.061361980700857,7.328582107738656e-09,2.2359214404446132e-10
1,I471,471,30.11810046721979,0.8331604628066005,-3.886765756534804,0.9436025936594585,8.4109240683575e-09,2.3267235584963128e-10
2,I494,494,25.106316982207026,0.4161966751265733,-1.3634547849839005,0.5474382284769773,7.011309561281592e-09,1.1622906417363459e-10
3,I507,507,24.197562753013234,0.7206535896191598,-4.427815893845575,1.0429197059594735,6.757526530480336e-09,2.0125315102368892e-10
4,I514,514,33.34352318903101,1.6899161661356317,2.8948752039360732,1.4977104947267088,9.31167096742027e-09,4.71934030857182e-10
5,I522,522,37.034236685996134,0.7363795354445761,-7.275088322357682,0.7153376476839745,1.0342357182668868e-08,2.0564485349458812e-10
6,I529,529,32.74966616801935,0.4762270383364584,-4.626650979750559,0.5002042021404305,9.145827629570113e-09,1.3299342908780983e-10
7,I550,550,19.915176101178773,0.5474110626948748,-5.644302690615173,0.9954814204726508,5.5616068542334955e-09,1.528726184945387e-10
8,I552,552,40.499595074595526,0.9925604765232132,-8.76694941134759,0.9053023699855359,1.1310109657891476e-08,2.7718716226395933e-10
9,M574,574,11.185223527295593,0.7097664333441883,-5.676959255856985,2.3513363441738955,3.123638752652499e-09,1.9821275195042096e-10
