,residue,state,conc,volume,height,plane,idx
0,M221,free,0,4.76912E+11,8031406080,0,0
1,M221,free,15,3.54377E+11,5020811776,1,0
2,M221,free,30,2.64106E+11,3733643264,2,0
3,M221,free,50,1.64227E+11,3046600448,3,0
4,M221,free,75,1.59177E+11,2285561344,4,0
5,M221,free,100,1.12094E+11,1346241792,5,0
6,M355,free,0,5.45614E+11,12366044160,0,1
7,M355,free,15,3.7536E+11,8036171776,1,1
8,M355,free,30,3.09088E+11,6137671680,2,1
9,M355,free,50,1.92525E+11,4117950208,3,1
10,M355,free,75,1.87739E+11,3691674624,4,1
11,M355,free,100,1.41302E+11,2526158592,5,1
12,M370,free,0,4.43896E+11,11797744640,0,2
13,M370,free,15,3.09404E+11,8192845312,1,2
14,M370,free,30,2.13024E+11,5152196096,2,2
15,M370,free,50,1.44232E+11,3943203584,3,2
16,M370,free,75,1.63914E+11,3478956800,4,2
17,M370,free,100,1.22326E+11,2510664448,5,2
18,M380,free,0,8.41751E+11,12848130048,0,3
19,M380,free,15,5.57001E+11,9122827264,1,3
20,M380,free,30,4.52214E+11,6785219584,2,3
21,M380,free,50,3.17938E+11,5055163392,3,3
22,M380,free,75,2.57605E+11,3613409536,4,3
23,M380,free,100,1.728E+11,3074611200,5,3
24,M221,bound,0,-32373472200,-109382712,0,4
25,M221,bound,15,1.29068E+11,3417771264,1,4
26,M221,bound,30,2.13059E+11,5048992256,2,4
27,M221,bound,50,3.38726E+11,8150944256,3,4
28,M221,bound,75,4.47157E+11,10502746112,4,4
29,M221,bound,100,5.52122E+11,10130705408,5,4
30,M352,bound,0,31800026833,-60071504,0,5
31,M352,bound,15,1.09662E+11,2008718208,1,5
32,M352,bound,30,1.95436E+11,3040323840,2,5
33,M352,bound,50,3.09432E+11,4746139136,3,5
34,M352,bound,75,4.12605E+11,6427510272,4,5
35,M352,bound,100,4.60386E+11,6527723008,5,5
36,M370,bound,0,298790412,35166112,0,6
37,M370,bound,15,73894245696,1855270400,1,6
38,M370,bound,30,1.75629E+11,3393274880,2,6
39,M370,bound,50,2.40445E+11,4455857152,3,6
40,M370,bound,75,3.06342E+11,5713175552,4,6
41,M370,bound,100,2.93812E+11,6086453248,5,6
42,M380,bound,0,23967295379,162798736,0,7
43,M380,bound,15,90710437876,1290289280,1,7
44,M380,bound,30,1.3414E+11,2383049984,2,7
45,M380,bound,50,1.78855E+11,3805660672,3,7
46,M380,bound,75,2.79804E+11,5927827456,4,7
47,M380,bound,100,2.76295E+11,5670810624,5,7
